uuid,width,height,render_time_seconds,file_path
1733572418-35c0792a-1f8e-4544-82b1-d77154b92f17,5,5,0.04897117614746094,data\1733572418-35c0792a-1f8e-4544-82b1-d77154b92f17.png
1733572481-b6974f6b-e27f-4922-83e5-c795b38aa8e7,5,5,0.05908536911010742,data\1733572481-b6974f6b-e27f-4922-83e5-c795b38aa8e7.png
1733572481-f49d5e18-27ac-4992-a209-41563ffff38e,10,10,0.28916001319885254,data\1733572481-f49d5e18-27ac-4992-a209-41563ffff38e.png
1733572482-799552a7-6a6a-440c-9b06-92aa170c0e9a,15,15,0.575514554977417,data\1733572482-799552a7-6a6a-440c-9b06-92aa170c0e9a.png
1733572483-072a876e-95a3-4191-9ac0-2a8661656664,20,20,1.0387005805969238,data\1733572483-072a876e-95a3-4191-9ac0-2a8661656664.png
1733572485-ccf67a85-7f9a-4059-b768-3297d4c3dbca,25,25,1.6289169788360596,data\1733572485-ccf67a85-7f9a-4059-b768-3297d4c3dbca.png
1733572487-5948c137-37c6-42f2-a9df-0c6e60459a42,30,30,2.4346940517425537,data\1733572487-5948c137-37c6-42f2-a9df-0c6e60459a42.png
1733572490-afb1cd90-fe3c-47e8-b4e8-4693e04c0f93,35,35,3.2341670989990234,data\1733572490-afb1cd90-fe3c-47e8-b4e8-4693e04c0f93.png
1733572495-bb38c655-b8f2-4f8f-8f06-b405561a3000,40,40,4.3542869091033936,data\1733572495-bb38c655-b8f2-4f8f-8f06-b405561a3000.png
1733572500-986d44d6-5e76-4db7-ba2e-8810e4085fb4,45,45,5.48391580581665,data\1733572500-986d44d6-5e76-4db7-ba2e-8810e4085fb4.png
1733572507-e982ae17-3965-4ca8-b1f2-52674fc1fb12,50,50,6.795014381408691,data\1733572507-e982ae17-3965-4ca8-b1f2-52674fc1fb12.png
